sample,locus,allele,probability_model,probability_lookup,probability
0,A,HLA-A*01:01,0.00090609124,1.0,0.400543654744979
0,A,HLA-A*01:25,2.2060734e-05,0.0,1.3236440645414405e-05
0,A,HLA-A*02:01,8.875206e-08,0.0,5.325123595412151e-08
0,A,HLA-A*02:02,4.6380237e-06,0.0,2.7828142265207135e-06
0,A,HLA-A*02:03,5.3540884e-05,0.0,3.21245301165618e-05
0,A,HLA-A*02:05,7.670945e-14,0.0,4.6025671067342207e-14
0,A,HLA-A*02:06,1.1279523e-10,0.0,6.767713889299642e-11
0,A,HLA-A*02:07,5.8813224e-05,0.0,3.52879345882684e-05
0,A,HLA-A*02:09,7.229293e-05,0.0,4.337575956014916e-05
0,A,HLA-A*02:11,2.2273994e-07,0.0,1.3364396522774769e-07
0,A,HLA-A*02:17,1.667494e-05,0.0,1.0004963769461028e-05
0,A,HLA-A*02:20,6.212119e-05,0.0,3.7272712506819514e-05
0,A,HLA-A*02:264,2.2068896e-05,0.0,1.324133772868663e-05
0,A,HLA-A*02:65,0.0010610274,0.0,0.0006366164423525333
0,A,HLA-A*03:01,5.9765607e-05,0.0,3.585936428862624e-05
0,A,HLA-A*11:01,9.33979e-07,0.0,5.60387388759409e-07
0,A,HLA-A*23:01,4.5656204e-08,0.0,2.7393722490387516e-08
0,A,HLA-A*24:02,1.812963e-05,0.0,1.0877777458517811e-05
0,A,HLA-A*24:03,3.908782e-07,0.0,2.3452691948477876e-07
0,A,HLA-A*24:10,0.00010661922,0.0,6.397153192665428e-05
0,A,HLA-A*25:01,4.7104466e-05,0.0,2.826267955242656e-05
0,A,HLA-A*26:01,3.085971e-05,0.0,1.851582492236048e-05
0,A,HLA-A*26:08,0.00045078908,0.0,0.00027047345065511763
0,A,HLA-A*26:13,4.9181034e-07,0.0,2.9508620400520155e-07
0,A,HLA-A*29:01,2.5230673e-09,0.0,1.5138403863801386e-09
0,A,HLA-A*29:02,4.4438352e-07,0.0,2.6663010999072867e-07
0,A,HLA-A*29:06,4.477796e-07,0.0,2.686677589736064e-07
0,A,HLA-A*30:01,7.479395e-11,0.0,4.4876369287294434e-11
0,A,HLA-A*30:02,3.226738e-13,0.0,1.9360427974332573e-13
0,A,HLA-A*30:04,0.0013149388,0.0,0.0007889632601290941
0,A,HLA-A*31:01,2.1203201e-09,0.0,1.27219208501117e-09
0,A,HLA-A*31:71,1.2012356e-07,0.0,7.207413545984308e-08
0,A,HLA-A*32:01,1.8354756e-05,0.0,1.1012853792635723e-05
0,A,HLA-A*32:03,0.0014465413,0.0,0.0008679247694090009
0,A,HLA-A*33:01,3.0732137e-09,0.0,1.8439282101212483e-09
0,A,HLA-A*33:03,1.145124e-06,0.0,6.870743845865946e-07
0,A,HLA-A*34:01,2.1186625e-05,0.0,1.2711974704870954e-05
0,A,HLA-A*34:02,1.2862636e-11,0.0,7.717581781974125e-12
0,A,HLA-A*66:01,2.5362066e-08,0.0,1.5217239734965916e-08
0,A,HLA-A*68:01,7.7118536e-08,0.0,4.627112133448463e-08
0,A,HLA-A*68:02,5.927606e-09,0.0,3.5565635769785328e-09
0,A,HLA-A*68:03,1.2168648e-07,0.0,7.301188986730267e-08
0,A,HLA-A*69:01,0.0006214808,0.0,0.0003728884854353964
0,A,HLA-A*74:02,0.00036832513,0.0,0.0002209950762335211
0,A,HLA-A*80:01,5.254198e-06,0.0,3.152518911520019e-06
0,A,HLA-A*homozygous,0.25782037,0.0,0.1546922206878662
0,B,HLA-B*07:02,0.0123049645,0.0,0.004921985790133476
0,B,HLA-B*07:05,0.0016614397,0.0,0.0006645758636295796
0,B,HLA-B*07:06,1.8870544e-08,0.0,7.548217695330095e-09
0,B,HLA-B*07:10,1.9928226e-08,0.0,7.971290472141846e-09
0,B,HLA-B*08:01,0.00040883687,0.0,0.0001635347492992878
0,B,HLA-B*13:01,1.3731267e-06,0.0,5.492506716109347e-07
0,B,HLA-B*13:02,8.528969e-08,0.0,3.41158767014349e-08
0,B,HLA-B*14:01,2.907984e-07,0.0,1.16319358767214e-07
0,B,HLA-B*14:02,6.057112e-05,0.0,2.4228448455687613e-05
0,B,HLA-B*14:07N,3.982103e-07,0.0,1.592841158526426e-07
0,B,HLA-B*15:01,0.0005061436,0.0,0.00020245744381099942
0,B,HLA-B*15:02,1.4554206e-06,0.0,5.821682407258777e-07
0,B,HLA-B*15:03,6.632304e-08,0.0,2.652921580192924e-08
0,B,HLA-B*15:08,6.2570206e-11,0.0,2.502808238435961e-11
0,B,HLA-B*15:10,0.000238897,0.0,9.555880096741022e-05
0,B,HLA-B*15:12,5.353882e-08,0.0,2.1415527839963034e-08
0,B,HLA-B*15:16,5.0593262e-05,0.0,2.0237304852344096e-05
0,B,HLA-B*15:17,0.01840048,0.0,0.007360191643238068
0,B,HLA-B*15:18,2.623441e-08,0.0,1.0493764079910761e-08
0,B,HLA-B*15:21,5.5783657e-06,0.0,2.2313462977763267e-06
0,B,HLA-B*15:220,4.9549976e-06,0.0,1.98199904843932e-06
0,B,HLA-B*15:24,2.6678902e-06,0.0,1.0671560630726162e-06
0,B,HLA-B*15:25,4.737038e-07,0.0,1.8948152273878805e-07
0,B,HLA-B*15:35,3.195327e-08,0.0,1.2781308100784373e-08
0,B,HLA-B*15:71,1.4544722e-08,0.0,5.8178887485382805e-09
0,B,HLA-B*18:01,4.654729e-06,0.0,1.8618915419210681e-06
0,B,HLA-B*18:02,1.7566289e-07,0.0,7.026515618235862e-08
0,B,HLA-B*18:03,1.5558574e-10,0.0,6.223429549478966e-11
0,B,HLA-B*27:02,0.00031012966,0.0,0.000124051864258945
0,B,HLA-B*27:04,4.012978e-06,0.0,1.605191209819168e-06
0,B,HLA-B*27:05,0.0001437185,0.0,5.748739931732416e-05
0,B,HLA-B*27:13,3.799514e-15,0.0,1.519805636863384e-15
0,B,HLA-B*35:01,3.3457442e-07,0.0,1.3382976931097802e-07
0,B,HLA-B*35:02,1.4460046e-06,0.0,5.784018412668957e-07
0,B,HLA-B*35:03,6.907286e-08,0.0,2.7629144483398707e-08
0,B,HLA-B*35:05,0.00024466118,0.0,9.786447044461966e-05
0,B,HLA-B*35:08,1.10138426e-10,0.0,4.405537046281438e-11
0,B,HLA-B*35:11,1.2229144e-07,0.0,4.891657567895891e-08
0,B,HLA-B*35:30,1.1990605e-05,0.0,4.79624213767238e-06
0,B,HLA-B*37:01,1.1895275e-05,0.0,4.7581099352100866e-06
0,B,HLA-B*38:01,0.00018383224,0.0,7.353289402090013e-05
0,B,HLA-B*38:02,0.5975896,0.0,0.23903584480285645
0,B,HLA-B*39:01,6.356049e-05,0.0,2.542419533710927e-05
0,B,HLA-B*39:05,5.3971463e-09,0.0,2.158858514178519e-09
0,B,HLA-B*39:06,6.387639e-05,0.0,2.555055543780327e-05
0,B,HLA-B*39:24,0.0004942762,0.0,0.00019771046936511993
0,B,HLA-B*39:31,9.736985e-09,0.0,3.894794176062533e-09
0,B,HLA-B*40:01,0.47963598,0.0,0.19185439348220826
0,B,HLA-B*40:02,6.396321e-10,0.0,2.558528500173907e-10
0,B,HLA-B*40:06,1.0445567e-11,0.0,4.178226861717427e-12
0,B,HLA-B*40:32,0.00015677801,0.0,6.271120510064066e-05
0,B,HLA-B*41:01,8.977867e-09,0.0,3.5911469353777647e-09
0,B,HLA-B*41:02,3.3380202e-06,0.0,1.3352080713957549e-06
0,B,HLA-B*42:01,1.2869282e-05,0.0,5.147712727193721e-06
0,B,HLA-B*42:02,1.06334e-07,0.0,4.2533599753369344e-08
0,B,HLA-B*44:02,2.8669813e-06,0.0,1.1467925105534961e-06
0,B,HLA-B*44:03,2.7470867e-07,0.0,1.0988346730300692e-07
0,B,HLA-B*44:05,6.674572e-09,0.0,2.6698288024817884e-09
0,B,HLA-B*44:27,2.0882067e-05,0.0,8.352826989721507e-06
0,B,HLA-B*44:29,4.7544856e-07,0.0,1.9017942349819352e-07
0,B,HLA-B*45:01,5.824834e-07,0.0,2.3299335225601683e-07
0,B,HLA-B*46:01,2.103624e-06,0.0,8.414495823672042e-07
0,B,HLA-B*47:01,2.0812791e-07,0.0,8.32511659609736e-08
0,B,HLA-B*48:03,0.0029085749,0.0,0.001163429953157902
0,B,HLA-B*49:01,3.7007358e-06,0.0,1.4802943042013795e-06
0,B,HLA-B*50:01,2.8874158e-11,0.0,1.1549663309073922e-11
0,B,HLA-B*51:01,0.7997532,0.0,0.31990127563476567
0,B,HLA-B*51:02,0.00021333051,0.0,8.533220388926566e-05
0,B,HLA-B*51:08,0.010606672,0.0,0.00424266867339611
0,B,HLA-B*52:01,1.901702e-05,0.0,7.606807776028291e-06
0,B,HLA-B*53:01,3.4787183e-05,0.0,1.3914873125031591e-05
0,B,HLA-B*54:01,1.7375679e-06,0.0,6.950271654204699e-07
0,B,HLA-B*55:01,1.0187523e-09,0.0,4.075009218951209e-10
0,B,HLA-B*55:02,9.982303e-11,0.0,3.992921271400718e-11
0,B,HLA-B*56:01,1.4844792e-10,0.0,5.937916824905187e-11
0,B,HLA-B*56:04,4.1299954e-06,0.0,1.6519981727469714e-06
0,B,HLA-B*57:01,2.0815729e-07,0.0,8.326291549565213e-08
0,B,HLA-B*57:03,0.014353022,0.0,0.005741208791732788
0,B,HLA-B*58:01,3.3509823e-05,0.0,1.340392918791622e-05
0,B,HLA-B*73:01,5.653025e-08,0.0,2.2612100281094173e-08
0,B,HLA-B*homozygous,0.9483306,0.0,0.3793322324752808
0,C,HLA-C*01:02,0.0040006335,0.0,0.0028004434425383806
0,C,HLA-C*01:03,2.2200828e-07,0.0,1.5540579738626546e-07
0,C,HLA-C*01:12,4.4010712e-06,0.0,3.0807498660578856e-06
0,C,HLA-C*02:02,0.0015098613,0.0,0.0010569029254838824
0,C,HLA-C*03:02,0.0027596662,0.0,0.0019317663274705408
0,C,HLA-C*03:03,0.0001891326,0.0,0.00013239281688584014
0,C,HLA-C*03:04,5.4577926e-05,0.0,3.820454803644679e-05
0,C,HLA-C*03:32,9.407213e-05,0.0,6.5850490500452e-05
0,C,HLA-C*03:44,9.254265e-05,0.0,6.477985516539775e-05
0,C,HLA-C*04:01,0.005872867,0.0,0.004111006949096918
0,C,HLA-C*04:03,0.001004193,0.0,0.0007029350847005843
0,C,HLA-C*05:01,0.0011701325,0.0,0.0008190927794203162
0,C,HLA-C*06:02,0.001294622,0.0,0.0009062353754416108
0,C,HLA-C*07:01,0.007107141,0.0,0.004974998673424124
0,C,HLA-C*07:02,0.0011618808,0.0,0.0008133165538311005
0,C,HLA-C*07:04,0.0016422573,0.0,0.001149580127093941
0,C,HLA-C*07:06,0.00010293002,0.0,7.205101283034309e-05
0,C,HLA-C*07:18,0.0004304159,0.0,0.0003012911358382553
0,C,HLA-C*07:21,0.00042818557,0.0,0.0002997298957780003
0,C,HLA-C*08:01,9.312458e-07,0.0,6.518720454096182e-07
0,C,HLA-C*08:02,0.065010846,0.0,0.04550759196281433
0,C,HLA-C*12:02,0.00020586132,0.0,0.00014410292205866424
0,C,HLA-C*12:03,0.00032244573,0.0,0.00022571201261598615
0,C,HLA-C*12:04,7.0399038e-09,0.0,4.927932639731125e-09
0,C,HLA-C*14:02,0.001393765,0.0,0.000975635484792292
0,C,HLA-C*14:03,0.00015782435,0.0,0.00011047704756492748
0,C,HLA-C*15:02,0.002722409,0.0,0.0019056863617151975
0,C,HLA-C*15:05,0.00025190244,0.0,0.00017633170937187968
0,C,HLA-C*15:13,3.229134e-05,0.0,2.2603938123211262e-05
0,C,HLA-C*16:01,6.8264753e-06,0.0,4.7785327296878675e-06
0,C,HLA-C*16:02,0.013668306,0.0,0.00956781432032585
0,C,HLA-C*16:04,0.001204275,0.0,0.0008429924608208239
0,C,HLA-C*17:01,6.2528066e-08,0.0,4.376964639618563e-08
0,C,HLA-C*17:03,7.2236683e-09,0.0,5.056567831118741e-09
0,C,HLA-C*18:01,0.0018415835,0.0,0.00128910846542567
0,C,HLA-C*homozygous,0.97735447,0.0,0.6841481268405913
